antiguedad_meses,asistencia_entrenamiento,servicios_mes,edad,es_estudiante,actividades_sociales,renuncia
103,0.82989939252056,2,23,0,0,0
52,0.3328275274538539,3,19,0,0,0
93,0.4880707374177151,0,39,1,1,1
15,0.31552931942121115,5,37,1,1,1
107,0.648715630652125,4,42,1,1,0
72,0.6333474877523099,6,32,1,3,0
61,0.8819600430437509,2,46,1,0,0
21,0.5154440678397345,3,25,0,2,1
103,0.8714700146491436,2,54,0,1,0
83,0.9775816358078762,3,50,0,2,0
87,0.3618857563559526,1,39,0,0,1
75,0.8542724876287431,5,22,1,0,0
75,0.7129691279963453,5,35,0,2,0
88,0.6360321769129326,3,54,1,0,0
117,0.5943750450655525,3,47,0,2,0
100,0.8492677847610166,2,48,0,1,0
104,0.7475529498819695,4,27,0,2,0
24,0.8635312672635533,2,32,0,2,0
3,0.9322057410736384,4,35,1,1,0
22,0.7320845984681044,2,40,1,2,0
53,0.9863239075646644,3,50,1,0,0
2,0.7256614946793196,2,33,0,0,0
88,0.7456510251355978,4,52,0,1,0
108,0.688370925979558,1,51,0,2,0
30,0.36370146373593115,4,45,0,1,0
38,0.8084779228551597,5,19,1,0,0
2,0.6832124148293781,1,47,1,1,1
64,0.6156373131912731,2,30,1,1,0
60,0.937329894882291,2,33,0,1,0
21,0.5085716160793653,4,22,1,0,1
33,0.6665215932105077,5,45,0,0,0
76,0.7883493100454243,5,37,1,1,0
58,0.857530242971714,3,41,0,1,0
22,0.6215427655623207,1,44,0,0,1
108,0.8894639905130968,5,47,0,1,0
89,0.8382424189207782,4,44,1,0,0
49,0.3463651844963061,4,43,0,1,0
91,0.33210288648324304,2,24,0,2,0
59,0.7345639790954639,4,22,1,1,0
42,0.54318938575779,2,40,0,2,0
92,0.44639155375495987,0,45,0,4,1
60,0.7057549541302168,3,51,0,1,0
80,0.5390942473195814,1,32,0,1,1
15,0.676084391699849,4,49,1,2,0
62,0.6220834112885003,1,43,1,2,0
62,0.7093362741644076,2,48,0,1,0
47,0.5802103422371969,4,36,1,1,0
62,0.7883673015878522,1,26,0,2,0
51,0.42604709064450896,6,46,0,2,0
108,0.7875510263589552,2,21,0,2,0
55,0.5881628500502696,3,20,0,0,0
116,0.912022323398092,4,46,0,1,0
64,0.6606652384049476,4,28,1,2,0
3,0.981177244489073,1,50,1,3,1
101,0.7213547768786721,3,28,0,1,0
51,0.4566943461344244,1,44,0,2,1
7,0.8752534457911143,2,50,1,0,0
21,0.5415578394756707,6,38,1,1,1
73,0.5433334501378784,4,48,1,3,0
39,0.3222632770396156,4,19,0,0,0
18,0.684100716445186,3,44,1,2,0
4,0.6740964526127661,3,53,0,1,0
89,0.5491940389903902,2,28,0,3,0
60,0.925952084027148,0,35,0,0,0
14,0.39012387880975075,3,18,0,2,1
114,0.5310696593171087,0,52,0,1,1
9,0.5251079352760203,7,52,0,0,1
90,0.3646034103601222,3,48,0,1,0
53,0.6368017758394052,1,45,1,2,0
2,0.7814493019672581,6,18,0,2,0
84,0.6581599094830828,2,42,0,1,0
92,0.4098843779013356,4,37,0,0,0
111,0.5641001756694508,2,20,1,0,0
60,0.30181651706855256,3,19,0,1,0
71,0.9078107749249107,0,35,0,3,0
44,0.35916190537647735,2,27,0,1,0
8,0.7180946575788014,3,22,1,0,0
47,0.9903798971067705,4,26,1,0,0
35,0.6756134521911328,4,19,0,2,0
78,0.9468292313752031,5,51,0,0,0
81,0.465281573182183,1,48,1,1,1
36,0.8319687862563099,3,27,0,4,0
50,0.6718860277814738,3,29,1,2,0
104,0.8043612429740254,3,53,0,0,0
4,0.343638953757869,4,38,0,2,1
2,0.40341736433435865,1,23,0,2,1
6,0.39318185001123473,3,20,0,4,1
54,0.7810158537823317,5,27,1,1,0
106,0.8911084708435402,6,22,1,1,0
4,0.8247313624060111,6,43,0,0,0
54,0.3213305069135159,7,38,1,1,0
93,0.9070504867523062,3,43,0,0,0
63,0.5479026695551878,2,43,0,4,0
18,0.5780146827528577,1,25,0,1,1
90,0.3734084165727366,1,22,1,0,1
44,0.8161836442656734,5,32,1,2,0
34,0.4275987149331706,2,33,1,2,0
74,0.6947755644131854,3,18,1,0,0
62,0.8884969901145516,2,33,1,3,0
100,0.3624430300984393,5,54,1,1,0
14,0.6747348948108665,1,20,1,0,1
95,0.46325148808486083,3,48,1,2,0
48,0.5400488049947821,4,30,0,0,0
15,0.6317789590013893,3,33,0,2,0
72,0.5485730122955133,7,38,0,1,0
78,0.7541759882041031,6,19,0,1,0
87,0.6357074712279751,3,44,0,0,0
62,0.7089396392999184,5,43,0,1,0
40,0.815775732776439,3,42,1,2,0
85,0.6904195861653062,1,28,0,1,0
80,0.7105748042625313,2,25,0,4,0
109,0.6951209797658489,1,25,0,0,0
82,0.5651408381659024,1,50,1,3,1
111,0.5362127837103426,0,24,0,3,1
53,0.9297531780015085,4,38,0,1,0
24,0.7252886556055009,3,25,1,2,0
26,0.47104720882525813,1,38,1,1,1
89,0.6487733884942581,3,37,0,0,0
60,0.5312439368966397,2,25,0,0,0
109,0.9535842766319123,3,48,0,1,0
41,0.3052740541938523,6,46,1,1,0
29,0.4577329583987697,2,26,0,0,0
15,0.5557497737718403,4,32,0,2,1
45,0.6414668605661165,2,47,0,1,0
65,0.8955722624853024,4,43,0,0,0
89,0.3615213371781007,4,27,1,0,0
71,0.8641054207188004,3,46,0,0,0
9,0.3389574425498827,1,33,0,4,1
88,0.889619824708727,5,53,0,2,0
1,0.336144834512159,4,37,0,3,1
108,0.3127697369998527,4,54,0,1,0
8,0.787873023656495,2,39,1,2,0
88,0.9980788743378759,5,24,1,3,0
63,0.9276271840818144,1,40,1,3,0
11,0.7031988924639619,3,46,1,0,0
115,0.9421769291598721,2,33,1,0,0
81,0.3037100044783238,2,45,0,3,0
8,0.9825470140615997,1,48,1,0,1
35,0.6435241454811491,3,31,1,2,0
35,0.8060272676352429,3,50,1,2,0
33,0.8746030312073467,3,26,0,2,0
5,0.8029200895855875,3,44,0,3,0
106,0.6745257124314373,0,41,1,1,0
103,0.6336336388884883,6,30,1,3,0
41,0.8870077910918372,2,43,1,0,0
28,0.4435542921046214,3,46,0,0,0
7,0.9775958465529639,4,45,0,3,0
73,0.7976667351857237,2,45,0,0,0
72,0.43965484913682384,4,25,1,1,0
12,0.8153730285889418,2,40,0,1,0
34,0.6708880162267816,5,46,0,1,0
33,0.7950610669511111,4,22,1,3,0
48,0.837445651009987,2,24,0,1,0
119,0.3611031257127728,4,53,1,2,0
23,0.6542727694515429,5,44,0,0,0
62,0.9524100395798538,2,19,1,2,0
88,0.52444953451166,0,42,0,1,1
37,0.7157181682905291,4,26,1,0,0
99,0.5584613370569272,1,44,1,1,1
44,0.6179875805533697,3,18,0,2,0
104,0.6840221825567072,4,40,0,1,0
86,0.6842453859222841,1,27,0,1,0
91,0.44121132363116505,3,42,1,1,0
35,0.7792000835158832,2,20,1,2,0
65,0.36150767786985977,2,23,0,2,0
99,0.39717734140941424,3,23,1,0,0
101,0.30189762959003075,1,19,0,1,1
47,0.38168724489917694,5,35,1,1,0
78,0.6312163407363245,7,40,1,1,0
3,0.7242713167390871,1,19,0,2,1
1,0.8560026149765236,1,29,0,1,1
5,0.3746894750794052,0,39,0,2,1
90,0.8955092220115182,3,54,0,1,0
119,0.8221821678841026,3,37,0,1,0
14,0.5859628050551418,6,41,0,3,1
103,0.9530566469699682,3,37,0,1,0
27,0.9936506335201734,4,18,0,0,0
9,0.44350126703726606,3,18,0,3,1
79,0.5654600094746602,3,34,0,1,0
15,0.9485145965127977,3,18,0,1,0
90,0.8051175855258941,1,47,1,2,0
42,0.33366625077486134,1,20,1,1,1
77,0.8470601372259905,5,28,0,2,0
51,0.8795586210242443,3,41,0,2,0
63,0.8253513473357195,3,39,1,0,0
96,0.8596759916436609,2,43,1,1,0
103,0.8775928736849581,0,30,0,1,0
113,0.4304834907517009,4,18,0,0,0
52,0.46498422224549985,4,41,0,0,0
96,0.743630994604124,3,27,0,2,0
4,0.9355062913237611,4,52,0,0,0
94,0.5213376076075462,2,41,0,2,0
101,0.7118146730565397,4,45,1,0,0
23,0.7780874443919926,2,53,0,0,0
103,0.6163640209093275,1,33,0,0,0
109,0.7996477183987282,3,33,0,0,0
15,0.929767211704521,5,34,0,1,0
43,0.7368710809272863,4,32,0,1,0
29,0.6778467433402431,2,33,0,3,0
36,0.6071212727718374,5,32,1,1,0
13,0.7042403896342879,4,51,0,4,0
32,0.5487537162728771,6,28,1,1,0
71,0.5740374771410512,1,18,1,0,1
59,0.6723002357817218,1,32,0,1,0
115,0.34663337867357186,8,43,0,1,0
86,0.46031777364735743,1,21,0,2,1
28,0.6799945174293862,5,22,1,2,0
66,0.6020697001955098,3,52,1,1,0
42,0.532971050138739,4,30,1,3,0
45,0.811384395766511,3,27,0,1,0
62,0.7856023251823369,1,28,1,0,0
57,0.4167115319953682,1,35,0,1,1
117,0.9150403807614067,3,51,0,2,0
6,0.6467965384827759,1,40,0,1,1
28,0.8190226377973318,4,24,0,1,0
28,0.7012055944801721,0,20,1,0,0
108,0.9983848311466903,3,29,0,0,0
44,0.8266821840271759,5,24,0,0,0
84,0.7948863228704213,2,43,0,0,0
30,0.8450003573355256,3,50,1,1,0
62,0.4001895898839287,3,54,1,1,0
75,0.4431812152186243,1,32,0,1,1
119,0.7998448575565299,3,19,0,0,0
92,0.6457870409916038,4,24,0,1,0
89,0.8282447043020815,2,49,1,4,0
103,0.37204122152090147,0,21,0,2,1
62,0.6755369460392162,5,37,0,0,0
97,0.5651750958898409,4,53,0,2,0
1,0.6199001534971749,3,49,0,0,0
27,0.7227705104507587,3,45,1,1,0
62,0.6516018432237711,3,30,0,1,0
116,0.6779024459789857,4,18,0,1,0
77,0.6404502373969254,3,52,0,2,0
105,0.5862686239598452,4,47,0,3,0
3,0.8403173864187714,2,53,1,2,0
103,0.30854215062263113,2,42,0,0,0
70,0.7189098908436589,2,33,1,1,0
72,0.6958558431260817,3,36,1,0,0
27,0.8013253523130666,4,18,0,1,0
9,0.7193205553441285,5,22,0,2,0
62,0.8787591794663547,6,39,0,2,0
37,0.9713523561948194,2,41,1,0,0
97,0.5397669800249804,2,54,0,0,0
51,0.4591456881209909,2,53,0,1,0
106,0.5965178036943379,5,53,0,0,0
44,0.5015507315330083,6,21,1,0,0
24,0.7304651842068581,5,53,0,2,0
79,0.9382966861900752,0,35,0,0,0
59,0.3973813359001433,0,33,0,0,1
118,0.37055622211112055,2,35,0,2,0
32,0.47921087229756354,0,39,1,2,1
96,0.8082669102436806,5,19,0,3,0
88,0.7150740336811751,4,38,1,1,0
105,0.3715488649576397,4,53,1,2,0
52,0.9431253655825225,0,46,0,1,0
113,0.8530592459868607,3,43,1,2,0
62,0.31611582335134625,3,38,0,1,0
113,0.7559570476917723,4,34,0,3,0
58,0.8398726679638167,1,33,1,1,0
52,0.5621047588042953,1,48,0,1,1
12,0.34824507755705314,4,26,1,4,1
39,0.35412474584215103,3,48,0,0,0
2,0.3729728762362666,6,31,1,2,1
3,0.888307742386296,2,54,0,2,0
113,0.9374803387789992,2,19,0,1,0
101,0.38596754729201366,3,31,0,4,0
113,0.4651342242165568,5,50,1,2,0
56,0.4158643572571028,5,52,1,4,0
81,0.43042461564588447,3,37,0,0,0
59,0.8862435523017445,4,19,1,1,0
113,0.5325024888584572,6,36,0,3,0
2,0.5180109848319487,1,54,0,3,1
2,0.4591769346139788,4,35,1,1,1
92,0.725526075655981,2,33,1,0,0
54,0.5655139888698841,1,21,1,1,1
87,0.8209747562903023,6,29,1,2,0
101,0.4439058658629462,4,46,0,2,0
96,0.8514529221001446,2,24,1,2,0
97,0.7226050722110973,3,31,0,1,0
1,0.3799871100389814,7,29,0,1,1
19,0.5901532089425394,2,52,0,3,1
2,0.9044626984290698,2,22,0,3,0
53,0.9460721622589394,3,34,0,2,0
44,0.6259900856231693,0,49,0,3,0
90,0.6365858846623514,4,27,0,2,0
32,0.9429183074575107,6,34,0,2,0
70,0.7109477568955971,4,22,0,1,0
32,0.3229926691704068,1,26,0,0,1
119,0.9389246240153901,3,50,0,1,0
68,0.4737585099300063,1,53,1,2,1
55,0.704342367864083,2,53,1,3,0
75,0.41585932219958166,2,35,1,2,0
56,0.32371541217261646,2,26,0,1,0
17,0.5180312197929302,4,46,1,1,1
38,0.8463469952822613,7,31,0,0,0
24,0.49431102084059264,1,42,0,0,1
69,0.4540680498567679,5,32,0,3,0
116,0.4488765490388584,4,23,1,1,0
98,0.6606215776847688,4,46,0,2,0
70,0.9828789209779294,5,32,0,2,0
86,0.621292291611909,4,46,0,1,0
11,0.6901137582230334,5,21,1,1,0
112,0.9024424125235138,5,35,1,2,0
16,0.6745488032535609,3,33,0,2,0
97,0.4291240099931992,6,28,0,1,0
73,0.509717138236534,6,31,0,2,0
59,0.5169558483880277,4,20,1,1,0
70,0.5781226808203185,5,35,0,0,0
80,0.5987522337357245,3,37,1,0,0
93,0.8598474154519886,0,42,0,0,0
3,0.5445708993345331,0,30,1,4,1
20,0.6277622799089655,7,21,0,3,0
59,0.7374831909357366,3,31,0,3,0
36,0.5644081632081185,8,50,0,0,0
19,0.885595369304633,2,45,0,2,0
90,0.711217522963852,4,54,0,2,0
67,0.5058312754546801,3,25,1,2,0
19,0.7998414398528797,5,51,0,3,0
20,0.66935341110135,2,22,1,2,0
96,0.6741191238800728,0,22,1,1,0
71,0.6367615638713101,1,48,0,1,0
52,0.6479083641748742,4,26,1,0,0
105,0.8357493967463685,5,49,1,1,0
33,0.37208703553192085,4,50,0,1,0
40,0.5340539679173375,3,20,1,1,0
39,0.35285235466272247,4,47,0,0,0
82,0.8272723545232155,7,29,0,0,0
104,0.4906112983042096,2,46,1,2,0
1,0.928201286873219,1,20,0,3,1
11,0.6686049266615056,4,43,0,1,0
92,0.8605248400402847,2,47,0,2,0
57,0.9852520049311728,5,26,1,1,0
89,0.8878522016195993,0,43,1,2,0
50,0.9068956320080663,4,19,0,1,0
23,0.5855891467553913,1,20,1,2,1
31,0.6862058166815378,3,21,1,1,0
94,0.47772199483031297,0,42,0,1,1
42,0.4372791697854169,2,30,0,2,0
99,0.6538555153742236,2,52,1,2,0
7,0.7165342857902943,6,40,1,2,0
16,0.5374898721273337,1,26,1,1,1
90,0.6986104624344502,3,19,0,1,0
112,0.921222337759452,3,48,0,0,0
116,0.6897051093483562,2,19,0,2,0
60,0.8045691674173545,2,49,0,3,0
113,0.8637204771505336,5,35,0,1,0
2,0.9921101473688099,5,30,1,1,0
1,0.7222381815238856,1,22,0,0,1
48,0.8647951042738102,2,27,1,0,0
12,0.9738545229884121,2,42,0,0,0
69,0.9610868079040913,0,51,0,0,0
37,0.3987572941443995,1,54,0,0,1
32,0.5844746157914653,2,47,0,2,0
119,0.5267930427747597,3,24,0,2,0
9,0.3608475104652445,3,23,1,2,1
105,0.7432685424376724,2,20,1,1,0
99,0.8151332292372016,3,30,0,1,0
19,0.8936896668268184,2,20,0,1,0
48,0.38594382276389594,4,43,1,1,0
80,0.9135108531127056,2,41,0,0,0
3,0.7500478945299772,7,23,0,2,0
20,0.7927622945969566,3,29,0,1,0
24,0.9374368024782127,5,53,1,0,0
54,0.7373328897302758,1,19,0,0,0
33,0.5351061000048846,0,28,0,1,1
24,0.8775751319958618,2,51,1,0,0
116,0.5541414485365633,5,43,0,1,0
75,0.3239596775743704,1,35,0,1,1
113,0.8814581545956748,1,38,0,2,0
72,0.5416345014168928,4,53,1,1,0
36,0.8416841662409382,3,39,0,1,0
38,0.5539305262661618,4,47,1,0,0
104,0.902747613982305,2,47,1,2,0
84,0.4536573675566711,4,25,0,1,0
99,0.9821830856392089,2,51,1,2,0
112,0.8458311423516216,6,26,0,2,0
89,0.37996654814427777,3,37,0,0,0
99,0.6960436339765923,3,42,0,3,0
25,0.9897571185692142,5,36,0,0,0
93,0.62974581688567,4,22,0,2,0
18,0.4274749971751083,1,28,0,1,1
110,0.6393448570052422,4,32,0,1,0
82,0.6587203591173452,3,25,1,5,0
66,0.8191808609600659,5,36,0,2,0
54,0.7891920972126331,4,40,1,2,0
35,0.5817850305178863,4,44,0,1,0
80,0.4526161752458605,6,49,0,0,0
61,0.7515379174385306,4,43,0,1,0
41,0.5951927541872972,1,44,0,1,1
100,0.39259334778773125,1,36,0,2,1
33,0.9304006108654699,1,46,1,2,0
68,0.7838553003267581,2,50,1,0,0
33,0.7782286995118369,3,36,1,3,0
14,0.8758087131381718,3,54,0,1,0
21,0.6707631750585568,3,36,1,0,0
48,0.87053809988172,3,50,0,3,0
20,0.648663527457704,4,33,0,2,0
8,0.34702277994099706,3,40,1,0,1
7,0.5836736616193821,6,24,1,0,1
67,0.6482254257859233,2,43,0,3,0
17,0.804141807142607,3,49,0,0,0
33,0.37460511109007205,3,29,0,4,0
48,0.3980129770623143,2,25,1,2,0
76,0.4845786618442315,0,22,0,1,1
59,0.48654887535961755,2,45,1,0,0
115,0.8125292049213437,8,22,0,0,0
86,0.4755114623931184,4,43,0,0,0
119,0.7431686443502132,3,22,0,1,0
22,0.6459916950967899,4,39,0,2,0
110,0.7013060647255804,3,32,0,0,0
30,0.886674874224807,5,30,1,2,0
38,0.583067051084317,2,45,1,4,0
102,0.8396379639449894,3,50,1,1,0
109,0.595425241685481,5,40,1,1,0
51,0.5477099635928746,3,50,1,1,0
54,0.9710390241192544,3,35,0,4,0
8,0.4290596444752742,2,47,1,3,1
27,0.3632358724043255,2,43,0,2,0
27,0.8396901478748349,2,33,0,3,0
98,0.3477747937478641,7,30,0,4,0
21,0.8859552934921204,3,50,0,3,0
30,0.6060353774500704,1,43,0,2,0
97,0.9408595741043397,7,18,1,1,0
28,0.8050730027853339,8,19,0,1,0
111,0.7272832669055702,6,23,0,0,0
64,0.9645147579404358,3,41,0,1,0
97,0.577654561136438,4,35,0,1,0
69,0.967860855577743,1,44,0,2,0
61,0.39450089419484485,2,25,0,2,0
48,0.638628459352689,2,45,0,0,0
19,0.4889378556745364,4,27,0,1,1
4,0.6778899452357354,5,34,1,2,0
35,0.41340971452410924,0,46,1,0,1
64,0.8890707622170304,1,23,0,1,0
49,0.8924854945201901,4,31,0,1,0
17,0.9686654189064352,0,39,0,0,1
44,0.40827049861826537,5,23,1,2,0
92,0.7363327856334935,2,43,0,2,0
30,0.6319661160902588,0,29,0,1,0
93,0.5410686124309633,4,52,1,1,0
46,0.5460781127939531,2,31,0,5,0
117,0.5889554854247265,3,39,0,4,0
6,0.793447884782267,2,40,0,2,0
99,0.7188002407877082,4,24,1,0,0
105,0.6217770589327918,4,42,1,1,0
37,0.35315338725873546,2,30,1,1,0
24,0.35443574085526997,7,38,0,2,0
93,0.30163757343804476,4,27,0,0,0
113,0.9773895717449606,4,26,1,0,0
46,0.30367767299086945,5,32,1,3,0
53,0.3721656222096214,7,19,0,1,0
95,0.5202175897665876,2,42,1,1,0
99,0.8652011762717329,7,30,0,0,0
60,0.9734691500348822,4,51,0,1,0
97,0.8530094911542991,9,51,1,2,0
116,0.7833921627119483,3,52,0,0,0
63,0.6649104671894985,4,20,1,1,0
85,0.3606936483035285,1,23,0,2,1
32,0.9707195551027512,0,36,0,1,0
87,0.830874689761977,0,20,1,2,0
33,0.7472645697339833,3,35,1,0,0
67,0.8313250918771948,1,26,0,2,0
18,0.8068723304911969,4,29,0,3,0
25,0.7460621058526408,3,22,1,2,0
106,0.9864037601259916,4,20,0,3,0
95,0.9323546688452173,4,28,1,3,0
54,0.7526654433820144,7,47,1,3,0
58,0.7852226480198472,3,21,0,2,0
67,0.336117064661097,2,22,0,1,0
104,0.7689422251850274,4,18,0,0,0
46,0.33091580639707013,0,44,1,0,1
24,0.7117846298789516,3,45,0,1,0
114,0.9995474496960843,1,46,0,0,0
32,0.6890646070060258,2,35,0,2,0
47,0.6312470826569334,8,29,0,3,0
86,0.5189983995539112,2,30,0,2,0
23,0.3843658051505251,1,19,0,2,1
66,0.8117165700207971,3,54,1,1,0
27,0.4348193194499413,6,33,1,0,0
106,0.38069741487309905,2,41,1,1,0
2,0.5952338618113587,5,52,0,2,1
90,0.8567392865713681,1,39,0,3,0
17,0.8215451836841543,4,53,1,1,0
104,0.3384178302525324,3,28,0,1,0
33,0.6186005795253092,1,46,1,1,0
9,0.6657042032498182,2,52,1,1,0
43,0.7511826554380755,3,32,0,2,0
118,0.7551171453102596,0,48,1,0,0
48,0.5552880746201141,1,33,1,3,1
39,0.6924740358024597,2,27,0,2,0
93,0.6367433186908604,3,49,0,2,0
42,0.9194988495662968,4,19,0,1,0
119,0.6711855928444301,2,41,0,2,0
26,0.6087225132237131,4,40,0,3,0
99,0.5831398147772955,3,19,0,1,0
50,0.700699431603426,4,48,1,3,0
25,0.8627838855806282,3,43,0,0,0
24,0.6768810432665513,4,46,0,3,0
13,0.763158622556379,0,20,1,3,1
60,0.8164990368345675,4,31,0,2,0
7,0.6641176769151123,5,42,1,1,0
57,0.598771939658405,2,18,0,1,0
36,0.9136657645037145,7,20,0,2,0
45,0.5922542588195245,6,43,0,1,0
20,0.6233599954029112,2,35,1,3,0
65,0.9932389193392439,6,26,0,4,0
8,0.3001662665031192,5,40,1,3,1
110,0.4298310367037057,4,38,0,1,0
16,0.568774722943808,3,18,0,1,1
14,0.952812936597677,3,38,0,1,0
76,0.3490207940232297,2,44,1,1,0
115,0.30663980353994863,2,23,1,1,0
87,0.33687868518406,7,53,0,1,0
15,0.3619803874295327,7,45,0,1,1
92,0.3263177412443826,4,34,0,1,0
98,0.6358469287995533,3,20,0,4,0
66,0.7065300450591294,3,29,0,0,0
32,0.4901808797483028,6,29,1,3,0
87,0.5788011687829449,5,19,1,1,0
63,0.3641895345780011,2,39,0,2,0
86,0.5354593246798954,3,40,0,2,0
51,0.665763434144166,6,47,1,1,0
25,0.8125902650292516,1,22,1,1,0
58,0.3023424534300854,2,26,0,3,0
63,0.6271175365763568,1,38,0,1,0
62,0.5079020135184176,3,28,0,1,0
22,0.896975275184331,4,22,0,1,0
58,0.8008873206639693,5,52,0,0,0
58,0.7123759741296263,3,44,0,0,0
86,0.4940859519877415,2,19,1,1,0
49,0.937237371440274,5,41,0,2,0
52,0.33157047405422624,1,48,0,1,1
42,0.3766273190753806,3,50,0,2,0
70,0.5741410983782492,2,47,1,1,0
15,0.3871062901077994,2,54,1,0,1
54,0.9694909882915974,1,45,0,1,0
107,0.8585925255003684,1,48,0,3,0
60,0.48128785612126956,6,28,1,2,0
101,0.7119879602812718,3,40,0,1,0
97,0.9876313605560572,1,19,0,2,0
8,0.9189392846920521,6,44,0,0,0
53,0.7205589125095386,3,52,0,1,0
60,0.9326067770226893,4,19,0,0,0
108,0.9924294368693511,0,54,1,1,0
108,0.8203469760255369,1,38,1,1,0
5,0.3454904866380258,3,22,0,2,1
103,0.5811061654978411,4,38,1,0,0
68,0.8864780146982718,2,46,0,2,0
6,0.46139843706351324,1,37,0,0,1
109,0.8814497624254372,2,37,0,2,0
96,0.38423713342449717,7,42,1,1,0
116,0.33286175000346907,3,19,0,1,0
94,0.5688634280438747,1,49,0,1,1
47,0.32571235619862954,2,43,1,1,0
99,0.9700891840883279,1,23,1,0,0
55,0.8783439870557761,4,20,1,1,0
40,0.8605387809909124,3,50,0,2,0
52,0.7408445460973071,3,18,0,0,0
16,0.45142681612558744,3,22,0,1,1
13,0.6627822566734745,3,30,0,1,0
114,0.7180918507012387,4,36,1,1,0
106,0.6675220506021877,0,29,0,0,0
30,0.4821633575660691,2,42,0,0,0
19,0.660673547020308,3,52,1,0,0
17,0.6438304386080386,5,29,0,2,0
63,0.997435043064707,3,47,0,0,0
19,0.9282053036323425,5,22,1,3,0
92,0.6243665237509339,5,51,1,3,0
58,0.7360561680545831,3,39,1,1,0
55,0.8235101228645598,2,30,0,1,0
90,0.3244056121636774,2,20,0,2,0
101,0.9264450088594878,2,37,1,2,0
90,0.9020887714925465,3,48,0,3,0
117,0.6202024684415951,1,22,0,3,0
62,0.5738188362562658,3,41,1,2,0
23,0.4910715623994204,1,50,0,3,1
9,0.6336737798312578,0,25,1,0,1
12,0.33106366447326574,5,41,0,1,1
117,0.8965354733429054,2,37,0,0,0
1,0.32479565789298154,3,33,0,1,1
58,0.5303359557589097,3,29,1,1,0
1,0.9521126418232928,6,30,0,2,0
111,0.8146488581664169,4,42,0,0,0
34,0.4969736724042687,5,49,1,2,0
96,0.4768543657726195,3,41,1,1,0
118,0.30355749787261815,2,26,1,2,0
48,0.7870000049948251,3,40,0,0,0
89,0.33414850717122113,5,30,0,0,0
104,0.6728217635805334,1,49,1,0,0
109,0.9734853808144348,2,32,1,1,0
117,0.3766282020381177,4,53,0,1,0
1,0.9261359516776471,2,22,0,2,0
16,0.9940327346015336,3,39,1,1,0
61,0.3430619183674645,5,33,0,1,0
103,0.9180343883962228,3,27,1,3,0
64,0.6612553143105316,1,41,0,2,0
63,0.934559603611206,3,35,0,1,0
69,0.6999232593437019,1,35,1,1,0
22,0.7634784070745952,2,24,0,2,0
93,0.6806452355981795,2,21,0,0,0
119,0.905145016215144,1,43,0,2,0
67,0.8137369432675912,1,22,0,1,0
76,0.6648822185262904,2,33,1,2,0
26,0.9077125628360827,7,52,1,2,0
16,0.47169987257873414,3,43,1,1,1
51,0.41013846179176816,3,35,0,2,0
101,0.41228007373105047,3,46,0,0,0
86,0.5338062151216665,4,40,0,2,0
57,0.46708302191071227,1,31,1,0,1
29,0.9510632453568171,4,32,1,1,0
78,0.3740838656800088,2,50,1,2,0
92,0.7892935166277113,2,42,0,4,0
69,0.4324550778495041,0,38,0,1,1
47,0.9171459929392451,1,34,0,0,0
113,0.9729207017294352,2,40,0,0,0
94,0.6258290061389884,2,34,0,2,0
110,0.915350036159692,5,31,1,3,0
62,0.30360161952830034,4,46,0,1,0
116,0.87396284218567,2,37,0,0,0
69,0.46003761306744645,2,47,0,1,0
76,0.9360909164885574,3,36,1,0,0
16,0.30078407803607665,5,30,0,2,1
90,0.6893272145278299,1,35,1,1,0
90,0.8296450626494543,2,40,1,1,0
48,0.48108183148853556,3,50,0,2,0
85,0.43519300521110516,0,35,1,1,1
39,0.35886875712758926,2,26,0,3,0
100,0.528503503552305,5,50,0,2,0
33,0.6918910186161806,2,49,1,1,0
94,0.3810906997461804,3,34,1,3,0
101,0.563686753390759,2,36,0,0,0
23,0.30635068325690745,0,44,0,2,1
10,0.8730755943498891,7,23,0,2,0
118,0.38991410266523396,5,52,0,0,0
69,0.4983400637859071,0,54,0,0,1
100,0.31289940311675224,3,51,0,2,0
34,0.6025685487247585,8,37,0,3,0
52,0.888085051918853,4,42,1,2,0
95,0.5745058480116376,3,21,0,2,0
10,0.42564812639668337,2,27,0,0,1
19,0.8275891838353633,4,27,0,1,0
58,0.8521648873095209,5,41,1,1,0
96,0.42162743271529673,3,38,0,0,0
1,0.8395978759786928,0,28,0,1,1
69,0.9631085217794366,2,44,0,0,0
109,0.4164643108525906,4,33,1,2,0
4,0.8396890047724948,5,43,0,2,0
16,0.7960004032218405,2,47,1,2,0
24,0.631501721904562,3,33,1,0,0
80,0.3405443223911588,1,24,1,2,1
119,0.3522860924304978,4,33,1,1,0
2,0.8966902614390533,5,52,0,0,0
113,0.9931038609254528,2,33,0,1,0
92,0.773236580030728,4,29,1,0,0
32,0.6121708149072249,5,52,0,4,0
91,0.7533015503813353,2,38,0,3,0
84,0.7160771014599817,2,53,1,5,0
24,0.5685285822839352,6,34,0,0,0
12,0.345938301201809,0,49,0,2,1
50,0.8750590631852087,3,23,0,2,0
35,0.5602834704671071,3,41,0,0,0
33,0.8731499503499656,4,44,1,2,0
33,0.4767561247818675,10,37,0,2,0
61,0.30072063589194337,5,42,0,0,0
51,0.4112567982937295,4,19,0,2,0
43,0.627977591738009,3,26,1,0,0
101,0.9610125444704809,1,45,1,3,0
12,0.3715355337856033,2,20,0,2,1
67,0.8979468421230961,4,37,1,1,0
65,0.6689168673483035,4,23,0,3,0
33,0.8781445360599276,2,50,1,2,0
40,0.5088621016929948,1,18,0,1,1
74,0.8879630152707303,2,54,1,1,0
43,0.8409759460117632,2,23,0,1,0
44,0.46103757812200374,1,51,0,1,1
29,0.3919345884865646,3,32,0,3,0
13,0.9076380257726049,1,43,1,2,1
12,0.9742656574080923,1,31,0,2,1
95,0.32191161962326137,4,24,1,2,0
46,0.8118890468815798,4,48,0,0,0
2,0.9366671576634729,3,41,0,1,0
115,0.9001520644647489,2,48,0,0,0
114,0.975164330589146,4,46,1,2,0
35,0.832065854906668,4,49,0,2,0
87,0.6096091336666372,5,34,1,3,0
81,0.5183663933465913,4,31,1,0,0
90,0.5245199183066892,1,53,1,3,1
8,0.8070958708298819,2,41,0,1,0
93,0.822085908421675,1,44,1,0,0
26,0.44025140048409883,1,42,1,1,1
74,0.9076859694433717,4,49,0,1,0
90,0.8004468281415733,2,35,1,0,0
34,0.6939252004403678,2,35,0,1,0
115,0.6300727220717588,3,54,0,4,0
105,0.6802629640529707,0,43,0,1,0
7,0.4114720167954851,2,26,0,1,1
68,0.4425908744933919,1,52,0,2,1
58,0.3638151432843342,1,25,0,1,1
117,0.4075606267127789,6,37,1,0,0
114,0.6175855442236978,1,39,0,1,0
109,0.6712480756097792,2,36,0,0,0
75,0.31250332473482356,5,47,0,1,0
29,0.8577584795048192,2,45,0,1,0
36,0.5059175813404345,0,52,1,2,1
89,0.9382852244719377,4,28,0,1,0
21,0.9772578845296442,5,48,1,1,0
36,0.429821212273658,3,53,0,2,0
10,0.6234681035359624,6,47,1,2,0
101,0.3008622846164981,1,40,0,2,1
73,0.7188290855856989,1,36,0,2,0
24,0.7251145137838698,2,29,1,0,0
64,0.4732779689223626,2,32,0,2,0
99,0.6908888708082386,4,48,1,1,0
49,0.45787809971061477,0,54,1,2,1
99,0.412577828354733,1,54,0,3,1
112,0.7560636267615852,4,32,0,1,0
36,0.5281478247664524,1,46,0,2,1
82,0.7131847572199357,3,43,1,0,0
113,0.6032727242801589,4,19,1,0,0
103,0.9890459851820328,6,37,0,4,0
96,0.40470644986729604,2,32,0,1,0
24,0.6252190176450672,2,21,0,1,0
23,0.7763196384515276,3,39,1,0,0
62,0.576881558715978,4,40,0,3,0
96,0.9822898963094828,3,43,0,2,0
37,0.8053213395488545,3,28,1,2,0
12,0.7598887002951451,3,45,0,1,0
113,0.8299414873278563,2,19,0,2,0
55,0.9668540466271018,5,25,1,0,0
13,0.935473057089248,2,46,1,2,0
23,0.8069997156884883,1,28,0,2,1
89,0.8244131473708982,3,54,0,2,0
99,0.4021454518246018,4,35,0,2,0
105,0.37195468314486596,2,31,0,2,0
30,0.699633151290915,2,27,1,2,0
17,0.312857345858378,2,52,0,0,1
113,0.637649467086114,3,26,1,1,0
62,0.447244705943208,1,52,1,1,1
84,0.5422115973513877,2,28,0,3,0
112,0.8430633150550693,0,29,0,1,0
89,0.9588662529626706,2,20,0,5,0
86,0.350691390502439,2,31,1,3,0
13,0.6739695441835116,2,45,1,3,0
59,0.9177734400737199,4,28,0,2,0
19,0.35775597410829485,2,42,1,1,1
49,0.8771598328277836,3,38,0,3,0
100,0.55046094564979,2,27,1,2,0
12,0.5254662915535347,5,32,0,0,1
61,0.98422647042035,0,36,0,3,0
105,0.4406013629036059,4,39,1,1,0
19,0.7852357585758767,2,38,0,1,0
76,0.8750085096069065,6,49,0,2,0
9,0.32882844669549016,2,40,0,1,1
71,0.7692698208480885,2,30,0,0,0
28,0.9660849820487287,1,22,0,3,0
78,0.38695397670964155,1,21,1,3,1
95,0.9273549118795268,2,45,0,3,0
52,0.7163436461638553,1,31,0,1,0
83,0.7316232073037318,5,25,1,2,0
111,0.7290609224059241,3,26,0,0,0
16,0.5091851204361196,2,52,0,1,1
117,0.9546412707096217,3,54,1,1,0
69,0.9631453238417271,2,38,1,1,0
99,0.7377132621497634,2,35,1,1,0
12,0.8483959081591301,1,50,1,0,1
25,0.7285805901168105,7,25,0,4,0
52,0.6390789133018284,2,34,1,3,0
85,0.7625740828094754,4,48,0,3,0
100,0.6871010168143709,6,51,1,5,0
53,0.7182331038423511,3,23,0,3,0
23,0.8486827873932032,1,39,1,3,1
16,0.6366326820142894,2,31,1,2,0
57,0.3285278742647309,1,20,1,1,1
39,0.4147996366926481,0,29,0,1,1
109,0.6070250515426768,1,53,0,2,0
53,0.8073785919118408,4,29,1,0,0
42,0.7152950538171251,4,19,1,2,0
58,0.7552059301114177,6,19,0,4,0
39,0.635495250003401,1,32,1,2,0
14,0.7310194153595699,5,40,1,3,0
95,0.5303122064702634,7,46,0,0,0
5,0.6291278148876656,2,34,1,0,0
35,0.8209953459164689,2,49,0,2,0
87,0.9102829452811847,1,24,0,3,0
93,0.6035587337694721,3,47,0,2,0
107,0.3305631603951528,4,45,0,0,0
75,0.4131707809027618,3,31,1,1,0
18,0.31460279750407666,2,47,0,1,1
111,0.757284113466131,2,34,1,2,0
76,0.5326202377485763,2,49,1,1,0
9,0.6797350450035572,4,23,1,1,0
74,0.6452937927486597,6,41,0,2,0
58,0.3570685426866987,1,23,1,2,1
108,0.5822829527866822,5,44,0,1,0
17,0.4543927874456263,0,35,0,0,1
102,0.5928798520673568,4,41,0,1,0
7,0.44250479623956984,4,54,0,2,1
46,0.8883166843938535,5,41,1,2,0
13,0.42193533560477753,1,51,0,1,1
40,0.9725463860408838,5,32,1,0,0
42,0.5911351563028585,2,28,0,3,0
9,0.8923717044133344,2,39,0,4,0
50,0.7401353727441615,6,41,1,0,0
27,0.8147452090660268,1,18,1,2,0
66,0.8374067216467462,3,35,0,6,0
5,0.6533914173251124,5,29,0,1,0
29,0.6803103663543018,3,45,0,3,0
37,0.6597971074661074,0,24,0,1,0
38,0.7116408646630554,4,40,1,0,0
83,0.3205761120295551,2,38,1,1,0
8,0.5768606188943106,1,51,0,2,1
112,0.7243320994928201,6,28,1,1,0
109,0.718406495679105,5,39,0,2,0
65,0.8550692662239421,4,52,0,1,0
86,0.758506537182476,1,46,0,3,0
116,0.9944933214384706,2,45,1,2,0
17,0.4986981700260515,2,35,0,2,1
71,0.5514057207663621,2,31,0,3,0
89,0.5686930063074573,2,35,0,0,0
45,0.626068964914174,0,45,0,2,0
4,0.8851986446468465,8,41,1,2,0
36,0.4650544657714469,4,25,0,2,0
70,0.8432001449248006,2,25,0,5,0
31,0.5837171281600204,3,21,1,2,0
19,0.7212987685634059,4,44,1,0,0
61,0.7427783732584142,3,53,1,2,0
108,0.5609940460322541,5,22,0,4,0
54,0.6588306436440636,6,50,0,0,0
39,0.5891218222533878,9,51,0,1,0
91,0.3483929503306336,4,47,0,3,0
74,0.6060157721717785,5,25,1,1,0
90,0.3681753747874865,3,43,0,0,0
19,0.583514559356225,2,54,0,1,1
39,0.7150428798822472,1,51,0,1,0
67,0.7055904295404505,3,24,0,2,0
45,0.7638348953058243,2,45,1,0,0
13,0.3666830555682384,3,45,0,1,1
114,0.7564862718713065,3,31,0,1,0
92,0.5185036396875129,4,21,0,2,0
58,0.5793321622959777,1,35,0,4,1
20,0.9005903777458939,4,42,0,2,0
92,0.30632128289068516,2,24,1,0,0
72,0.7118888433384238,3,45,0,2,0
61,0.7190997860700752,2,22,1,1,0
105,0.5776618434404934,2,20,1,1,0
39,0.4659194999758353,4,48,1,0,0
1,0.46427182678308576,4,37,1,1,1
3,0.9185967687625267,7,36,0,1,0
77,0.6094170616480002,0,28,0,1,0
92,0.5316225540924203,2,20,0,2,0
62,0.6141443016819821,1,40,1,1,0
63,0.7685732810215529,5,24,1,1,0
113,0.4020295977713262,2,40,1,3,0
25,0.6146036846496163,0,24,0,2,0
56,0.7115190597772708,1,51,1,1,0
33,0.9640083483960036,4,36,0,4,0
38,0.4767694474527935,6,26,0,1,0
117,0.5514755235413719,1,35,0,1,1
6,0.5655510129456967,2,42,0,1,1
58,0.7238767103514179,4,31,0,0,0
44,0.5497124371280011,5,42,0,1,0
45,0.6734583477097869,2,36,0,0,0
32,0.8472532308915206,3,32,1,1,0
45,0.7937699158785425,4,33,1,1,0
61,0.6124580525588099,4,44,1,3,0
47,0.9049513243719183,2,27,0,2,0
21,0.6906981747157039,6,21,1,0,0
80,0.6779340876515487,3,36,1,1,0
118,0.3239314361574107,1,45,0,2,1
85,0.990685086250013,4,38,0,2,0
75,0.38607956597073867,1,31,0,6,1
101,0.4617916386993526,4,50,0,1,0
36,0.33618778606906885,2,27,1,2,0
99,0.7480020767858395,2,36,1,4,0
19,0.45729082388087594,2,47,0,0,1
20,0.42600730623090644,3,39,1,0,1
57,0.36198890895626895,6,20,1,1,0
18,0.37231626998681094,2,54,1,3,1
47,0.709269490309812,4,35,0,0,0
105,0.7817455061066167,1,28,1,0,0
49,0.5781652919250806,0,19,0,1,1
14,0.6359279571144512,1,29,0,0,1
15,0.7801774151880888,3,23,0,1,0
31,0.31216585312983575,3,46,0,2,0
1,0.5261914599491949,3,47,1,2,1
117,0.9811684236492424,4,19,0,2,0
54,0.7060785607868276,4,26,0,2,0
118,0.47795720592824525,3,19,0,0,0
3,0.6652110326453491,4,46,1,1,0
16,0.5398574416846407,3,50,0,0,1
87,0.6725714921784094,5,27,1,2,0
57,0.38801905826465416,4,51,0,2,0
75,0.3929002576734941,1,25,0,2,1
12,0.40047965342757497,1,54,0,1,1
74,0.9578738543487892,1,50,0,3,0
96,0.8130292428389392,2,23,0,2,0
16,0.4136673262636246,2,36,0,2,1
72,0.43184435863592097,4,49,1,3,0
102,0.8115806324096133,2,44,1,2,0
76,0.40931469135452175,3,18,0,0,0
24,0.46419290533438007,4,50,0,1,0
28,0.9743427829742792,4,49,1,1,0
117,0.47871456730990225,4,22,0,1,0
8,0.7631426452598027,5,34,0,0,0
92,0.9850419011803713,3,25,1,0,0
36,0.5620077369978549,6,51,1,0,0
90,0.31226119360344357,2,26,0,2,0
8,0.470903103295662,4,40,0,5,1
58,0.8816140339391938,3,52,0,2,0
60,0.9052261851685257,2,24,1,1,0
50,0.8379635551666538,5,32,0,2,0
28,0.3791768733536011,2,37,0,1,0
92,0.8568572601874822,1,42,0,3,0
101,0.9430744578954529,2,20,0,0,0
41,0.7204266797823653,2,41,1,0,0
100,0.9586127494366454,6,51,1,0,0
64,0.8787872185983141,2,39,1,1,0
27,0.7668800618936351,3,28,0,2,0
118,0.7040296656982237,3,25,0,0,0
63,0.5440015670693793,4,52,0,1,0
17,0.41150121166996356,2,25,0,0,1
73,0.7234677458833785,2,54,1,0,0
33,0.5226780875326836,3,44,0,2,0
117,0.9065070672693518,4,45,0,1,0
84,0.9953358561510399,5,51,0,2,0
77,0.8266994338309008,6,49,1,2,0
92,0.3633371867009355,0,32,0,1,1
112,0.5020799168714467,3,34,0,1,0
29,0.3763767422360248,2,50,0,1,0
13,0.755358153454201,5,33,1,1,0
46,0.8356336051890492,4,46,0,0,0
35,0.9479723816164982,1,26,1,3,0
6,0.6067206424883913,1,50,1,0,1
82,0.9309629547119109,2,46,0,2,0
115,0.9145238113289291,2,30,1,1,0
69,0.5220370017357789,2,38,0,5,0
47,0.9082304378783996,3,38,1,1,0
25,0.5629705763172085,0,22,0,2,1
66,0.5078084921921966,0,27,0,1,1
10,0.7543522611560751,3,23,0,1,0
56,0.5298668595195567,2,30,0,1,0
30,0.7411461238304009,5,18,1,1,0
114,0.7268822638490862,4,37,0,1,0
109,0.694407249143921,1,25,1,0,0
5,0.5662937929629583,4,27,0,1,1
119,0.6839498051560338,6,26,1,1,0
33,0.717539832489795,2,20,0,2,0
118,0.6819808219468313,1,28,0,0,0
65,0.611093616925841,4,29,0,2,0
18,0.31026693993238463,6,27,1,2,1
96,0.7109431953908056,2,42,0,1,0
111,0.41791106959990376,5,42,0,1,0
49,0.7498031782630327,2,28,0,3,0
11,0.8315410295460062,1,53,1,3,1
85,0.6503117163915191,1,43,0,1,0
26,0.6796545654858168,1,31,0,2,0
63,0.9660349917661937,1,18,0,0,0
89,0.893017152960802,2,21,1,3,0
86,0.9399655611660289,2,47,1,1,0
59,0.8696364018237104,1,29,0,2,0
27,0.37624283929271196,1,52,0,0,1
49,0.4042942991791363,3,30,0,1,0
77,0.6686366580882717,3,48,0,1,0
33,0.47224876115859876,1,40,0,2,1
98,0.6336868325288114,3,21,1,1,0
105,0.5760557266728451,4,33,0,1,0
99,0.6845899669013173,3,24,1,3,0
1,0.8228130012950758,3,39,0,2,0
21,0.8008436349694921,5,46,1,1,0
112,0.664863892739734,2,28,0,3,0
55,0.8756753931719405,1,50,0,2,0
6,0.6016034640766232,1,46,0,0,1
92,0.9277000028880855,3,29,0,0,0
81,0.34989618903861475,2,24,0,1,0
69,0.9682620210233153,6,43,1,1,0
95,0.7582851570019438,0,26,1,1,0
5,0.5660521562560437,3,51,0,1,1
102,0.43800788860101414,4,30,0,1,0
3,0.6354282606105199,5,53,0,1,0
53,0.43619082622971067,1,42,0,3,1
23,0.4164321254201995,2,41,0,1,1
101,0.732146230189082,2,34,1,2,0
53,0.6661593072072493,2,19,1,0,0
37,0.7690672242276592,4,30,1,0,0
74,0.9507241141953924,3,48,0,0,0
74,0.6725821493373281,2,46,1,3,0
83,0.7066524372839584,1,45,1,2,0
17,0.36273843740845946,2,44,0,1,1
85,0.8023450501360407,4,32,0,0,0
78,0.5799336447629093,3,48,1,0,0
73,0.9837076670638052,4,32,0,2,0
110,0.8762218109169622,2,50,0,2,0
1,0.6657367283612827,3,37,0,0,0
51,0.3862558579205162,0,29,0,2,1
45,0.9015910552964124,3,54,0,2,0
77,0.859846766796815,3,26,1,1,0
4,0.42920959067592307,3,40,1,1,1
62,0.506694802454217,1,25,1,2,1
65,0.855385080703486,3,49,0,3,0
113,0.42965991258318675,1,31,1,3,1
